{
  "project_info": {
    "project_number": "664736760972",
    "project_id": "quizgame-24",
    "storage_bucket": "quizgame-24.appspot.com"
  },
  "client": [
    {
      "client_info": {
        "mobilesdk_app_id": "1:664736760972:android:c3f02a6725b946b6ad27a9",
        "android_client_info": {
          "package_name": "com.example.quizapp"
        }
      },
      "oauth_client": [],
      "api_key": [
        {
          "current_key": "AIzaSyBbEQ3wtD1sMpNeYqQBd69h-5MHCbX5H38"
        }
      ],
      "services": {
        "appinvite_service": {
          "other_platform_oauth_client": []
        }
      }
    }
  ],
  "configuration_version": "1"
}